{"stats":{"minecraft:picked_up":{"minecraft:wheat_seeds":1},"minecraft:killed_by":{"minecraft:zombie":2},"minecraft:custom":{"minecraft:jump":66,"minecraft:time_since_rest":4916,"minecraft:walk_on_water_one_cm":426,"minecraft:walk_one_cm":16688,"minecraft:leave_game":3,"minecraft:play_time":28839,"minecraft:sprint_one_cm":79,"minecraft:damage_taken":670,"minecraft:time_since_death":3226,"minecraft:deaths":2,"minecraft:total_world_time":28839,"minecraft:walk_under_water_one_cm":925,"minecraft:fall_one_cm":1759,"minecraft:fly_one_cm":2287}},"DataVersion":3465}