{"stats":{"minecraft:picked_up":{"minecraft:feather":1,"minecraft:chicken":1,"minecraft:leather":2,"minecraft:oak_log":5,"minecraft:bone":1,"minecraft:arrow":2,"minecraft:wheat_seeds":1,"minecraft:beef":2,"minecraft:cobblestone":28,"minecraft:egg":3},"minecraft:dropped":{"minecraft:wheat_seeds":1},"minecraft:mined":{"minecraft:grass":3,"minecraft:oak_log":5,"minecraft:tall_grass":3,"minecraft:stone":28},"minecraft:killed":{"minecraft:chicken":1,"minecraft:cow":1},"minecraft:used":{"minecraft:chicken":1,"minecraft:stone_pickaxe":19,"minecraft:wooden_pickaxe":9,"minecraft:cobblestone":3,"minecraft:beef":1,"minecraft:crafting_table":1,"alexsmobs:animal_dictionary":1,"minecraft:egg":2},"minecraft:crafted":{"minecraft:oak_planks":20,"minecraft:crafting_table":1,"minecraft:stick":8,"minecraft:wooden_pickaxe":1,"minecraft:stone_pickaxe":1,"minecraft:stone_sword":1,"minecraft:furnace":1},"minecraft:custom":{"minecraft:time_since_rest":18185,"minecraft:sprint_one_cm":20843,"minecraft:damage_taken":165,"minecraft:walk_one_cm":16997,"minecraft:mob_kills":2,"minecraft:drop":1,"minecraft:damage_dealt":140,"minecraft:interact_with_crafting_table":4,"minecraft:fly_one_cm":34115,"minecraft:crouch_one_cm":63,"minecraft:play_time":18185,"minecraft:sneak_time":53,"minecraft:walk_under_water_one_cm":56,"minecraft:jump":124,"minecraft:leave_game":2,"minecraft:time_since_death":18185,"minecraft:walk_on_water_one_cm":953,"minecraft:total_world_time":18185,"minecraft:fall_one_cm":3762}},"DataVersion":3465}