{"stats":{"minecraft:picked_up":{"minecraft:crafting_table":1,"minecraft:feather":1,"minecraft:chicken":1,"minecraft:leather":2,"minecraft:oak_log":15,"minecraft:dirt":1,"minecraft:bone":1,"minecraft:arrow":2,"minecraft:wheat_seeds":1,"minecraft:granite":11,"minecraft:beef":2,"minecraft:oak_sapling":2,"minecraft:coal":4,"minecraft:mutton":1,"minecraft:furnace":1,"minecraft:white_wool":1,"minecraft:cobblestone":81,"minecraft:egg":3},"minecraft:dropped":{"minecraft:wheat_seeds":1},"minecraft:mined":{"minecraft:furnace":1,"minecraft:crafting_table":1,"minecraft:granite":11,"minecraft:grass":3,"minecraft:coal_ore":4,"minecraft:oak_log":15,"minecraft:dirt":1,"minecraft:tall_grass":6,"minecraft:stone":81,"minecraft:oak_leaves":2},"minecraft:used":{"minecraft:stone_sword":5,"minecraft:chicken":1,"minecraft:stone_pickaxe":89,"minecraft:wooden_pickaxe":9,"minecraft:stone_axe":13,"minecraft:torch":4,"minecraft:cobblestone":4,"minecraft:beef":1,"minecraft:crafting_table":2,"minecraft:furnace":2,"alexsmobs:animal_dictionary":1,"minecraft:egg":2,"minecraft:cooked_beef":1},"minecraft:killed":{"minecraft:sheep":1,"minecraft:chicken":1,"minecraft:cow":1},"minecraft:crafted":{"minecraft:cooked_beef":1,"minecraft:oak_planks":20,"minecraft:crafting_table":1,"minecraft:stick":8,"minecraft:wooden_pickaxe":1,"minecraft:stone_pickaxe":1,"minecraft:stone_sword":1,"minecraft:furnace":1,"minecraft:torch":4,"minecraft:stone_axe":1,"minecraft:cooked_mutton":1,"minecraft:air":0},"minecraft:custom":{"minecraft:time_since_rest":42185,"minecraft:interact_with_furnace":4,"minecraft:sprint_one_cm":25121,"minecraft:damage_taken":165,"minecraft:walk_one_cm":25529,"minecraft:mob_kills":3,"minecraft:drop":1,"minecraft:damage_dealt":220,"minecraft:interact_with_crafting_table":6,"minecraft:fly_one_cm":42789,"minecraft:crouch_one_cm":63,"minecraft:play_time":42185,"minecraft:sneak_time":53,"minecraft:walk_under_water_one_cm":56,"minecraft:jump":179,"minecraft:leave_game":2,"minecraft:time_since_death":42185,"minecraft:walk_on_water_one_cm":953,"minecraft:total_world_time":42185,"minecraft:fall_one_cm":4447}},"DataVersion":3465}